run,engine,model,quantization,decoder,input_format,workers,threads_per_worker,corpus_audio_seconds,suite_wall_seconds,corpus_wall_speed_x,sum_worker_process_seconds,sum_worker_speed_x,decode_seconds,cumulative_worker_peak_rss_mib,episode_index,episode_title,episode_audio_seconds,episode_process_seconds,episode_latency_seconds,worker_id
small.en baseline,faster-whisper,Systran/faster-whisper-small.en,int8,whisper beam 5,mp3,1,16,36783.7780625,1421.832516771974,25.870682818544083,1390.9859287743457,26.444392643793087,30.82212251611054,3023.203125,1,646: The Secret of My Death,3918.9420625,146.75252405996434,150.07244605896994,
small.en baseline,faster-whisper,Systran/faster-whisper-small.en,int8,whisper beam 5,mp3,1,16,36783.7780625,1421.832516771974,25.870682818544083,1390.9859287743457,26.444392643793087,30.82212251611054,3023.203125,2,449: Middle School,3566.5501875,143.33230217499658,146.26828968408518,
small.en baseline,faster-whisper,Systran/faster-whisper-small.en,int8,whisper beam 5,mp3,1,16,36783.7780625,1421.832516771974,25.870682818544083,1390.9859287743457,26.444392643793087,30.82212251611054,3023.203125,3,896: I Know What You Need,3984.1959375,153.47808644198813,157.06501507386565,
small.en baseline,faster-whisper,Systran/faster-whisper-small.en,int8,whisper beam 5,mp3,1,16,36783.7780625,1421.832516771974,25.870682818544083,1390.9859287743457,26.444392643793087,30.82212251611054,3023.203125,4,206: Somewhere in the Arabian Sea,3566.8636875,143.8954716778826,146.87953997403383,
small.en baseline,faster-whisper,Systran/faster-whisper-small.en,int8,whisper beam 5,mp3,1,16,36783.7780625,1421.832516771974,25.870682818544083,1390.9859287743457,26.444392643793087,30.82212251611054,3023.203125,5,895: Label Maker!,3464.3853125,121.98129543219693,124.85942934406921,
small.en baseline,faster-whisper,Systran/faster-whisper-small.en,int8,whisper beam 5,mp3,1,16,36783.7780625,1421.832516771974,25.870682818544083,1390.9859287743457,26.444392643793087,30.82212251611054,3023.203125,6,894: I Couldn't Help but Notice,3543.170625,136.0188562758267,138.9273275199812,
small.en baseline,faster-whisper,Systran/faster-whisper-small.en,int8,whisper beam 5,mp3,1,16,36783.7780625,1421.832516771974,25.870682818544083,1390.9859287743457,26.444392643793087,30.82212251611054,3023.203125,7,893: Testosterone,3618.40325,133.0564866401255,136.0063183780294,
small.en baseline,faster-whisper,Systran/faster-whisper-small.en,int8,whisper beam 5,mp3,1,16,36783.7780625,1421.832516771974,25.870682818544083,1390.9859287743457,26.444392643793087,30.82212251611054,3023.203125,8,892: Trapped on a Bus,3652.4146875,139.01506086206064,142.00668178591877,
small.en baseline,faster-whisper,Systran/faster-whisper-small.en,int8,whisper beam 5,mp3,1,16,36783.7780625,1421.832516771974,25.870682818544083,1390.9859287743457,26.444392643793087,30.82212251611054,3023.203125,9,891: The Test Case,4218.5665625,159.28382224519737,162.88350417092443,
small.en baseline,faster-whisper,Systran/faster-whisper-small.en,int8,whisper beam 5,mp3,1,16,36783.7780625,1421.832516771974,25.870682818544083,1390.9859287743457,26.444392643793087,30.82212251611054,3023.203125,10,890: Maximal Americanness,3250.28575,114.17202296410687,116.85561640188098,
tiny-en-full-10x2,faster-whisper,Systran/faster-whisper-tiny.en,int8,whisper beam 5,pcm,10,2,36783.7780625,143.16391982184723,256.93469491666355,1277.4113124171272,28.795563108719826,11.768402382498607,12802.484375,1,646: The Secret of My Death,3918.9420625,135.971529857954,137.98625293001533,7
tiny-en-full-10x2,faster-whisper,Systran/faster-whisper-tiny.en,int8,whisper beam 5,pcm,10,2,36783.7780625,143.16391982184723,256.93469491666355,1277.4113124171272,28.795563108719826,11.768402382498607,12802.484375,2,449: Middle School,3566.5501875,133.94438429013826,134.43296922906302,2
tiny-en-full-10x2,faster-whisper,Systran/faster-whisper-tiny.en,int8,whisper beam 5,pcm,10,2,36783.7780625,143.16391982184723,256.93469491666355,1277.4113124171272,28.795563108719826,11.768402382498607,12802.484375,3,896: I Know What You Need,3984.1959375,137.92462035804056,140.55361295305192,5
tiny-en-full-10x2,faster-whisper,Systran/faster-whisper-tiny.en,int8,whisper beam 5,pcm,10,2,36783.7780625,143.16391982184723,256.93469491666355,1277.4113124171272,28.795563108719826,11.768402382498607,12802.484375,4,206: Somewhere in the Arabian Sea,3566.8636875,132.87598396022804,133.26349898288026,4
tiny-en-full-10x2,faster-whisper,Systran/faster-whisper-tiny.en,int8,whisper beam 5,pcm,10,2,36783.7780625,143.16391982184723,256.93469491666355,1277.4113124171272,28.795563108719826,11.768402382498607,12802.484375,5,895: Label Maker!,3464.3853125,113.8436666841153,114.24596776114777,9
tiny-en-full-10x2,faster-whisper,Systran/faster-whisper-tiny.en,int8,whisper beam 5,pcm,10,2,36783.7780625,143.16391982184723,256.93469491666355,1277.4113124171272,28.795563108719826,11.768402382498607,12802.484375,6,894: I Couldn't Help but Notice,3543.170625,129.0146895160433,129.48601249302737,1
tiny-en-full-10x2,faster-whisper,Systran/faster-whisper-tiny.en,int8,whisper beam 5,pcm,10,2,36783.7780625,143.16391982184723,256.93469491666355,1277.4113124171272,28.795563108719826,11.768402382498607,12802.484375,7,893: Testosterone,3618.40325,126.11036173789762,126.60159951099195,8
tiny-en-full-10x2,faster-whisper,Systran/faster-whisper-tiny.en,int8,whisper beam 5,pcm,10,2,36783.7780625,143.16391982184723,256.93469491666355,1277.4113124171272,28.795563108719826,11.768402382498607,12802.484375,8,892: Trapped on a Bus,3652.4146875,125.9170710069593,127.93070224300027,6
tiny-en-full-10x2,faster-whisper,Systran/faster-whisper-tiny.en,int8,whisper beam 5,pcm,10,2,36783.7780625,143.16391982184723,256.93469491666355,1277.4113124171272,28.795563108719826,11.768402382498607,12802.484375,9,891: The Test Case,4218.5665625,140.52600325387903,143.13784926896915,0
tiny-en-full-10x2,faster-whisper,Systran/faster-whisper-tiny.en,int8,whisper beam 5,pcm,10,2,36783.7780625,143.16391982184723,256.93469491666355,1277.4113124171272,28.795563108719826,11.768402382498607,12802.484375,10,890: Maximal Americanness,3250.28575,101.28300175187178,101.60968365101144,3
parakeet-tdt-110m-full-10x2,parakeet.cpp,nvidia/parakeet-tdt_ctc-110m,q8_0,tdt,pcm,10,2,36783.7780625,191.5663812160492,192.01583194817016,1768.3262030235492,20.801466380810137,0.18209052667953074,14110.3125,1,646: The Secret of My Death,3918.9420625,189.39393980195746,189.43807723000646,2
parakeet-tdt-110m-full-10x2,parakeet.cpp,nvidia/parakeet-tdt_ctc-110m,q8_0,tdt,pcm,10,2,36783.7780625,191.5663812160492,192.01583194817016,1768.3262030235492,20.801466380810137,0.18209052667953074,14110.3125,2,449: Middle School,3566.5501875,174.52812129887752,174.57305024191737,8
parakeet-tdt-110m-full-10x2,parakeet.cpp,nvidia/parakeet-tdt_ctc-110m,q8_0,tdt,pcm,10,2,36783.7780625,191.5663812160492,192.01583194817016,1768.3262030235492,20.801466380810137,0.18209052667953074,14110.3125,3,896: I Know What You Need,3984.1959375,183.12099294899963,183.16846393491141,3
parakeet-tdt-110m-full-10x2,parakeet.cpp,nvidia/parakeet-tdt_ctc-110m,q8_0,tdt,pcm,10,2,36783.7780625,191.5663812160492,192.01583194817016,1768.3262030235492,20.801466380810137,0.18209052667953074,14110.3125,4,206: Somewhere in the Arabian Sea,3566.8636875,173.23924641893245,173.28486205800436,7
parakeet-tdt-110m-full-10x2,parakeet.cpp,nvidia/parakeet-tdt_ctc-110m,q8_0,tdt,pcm,10,2,36783.7780625,191.5663812160492,192.01583194817016,1768.3262030235492,20.801466380810137,0.18209052667953074,14110.3125,5,895: Label Maker!,3464.3853125,169.44826968433335,169.49354315688834,4
parakeet-tdt-110m-full-10x2,parakeet.cpp,nvidia/parakeet-tdt_ctc-110m,q8_0,tdt,pcm,10,2,36783.7780625,191.5663812160492,192.01583194817016,1768.3262030235492,20.801466380810137,0.18209052667953074,14110.3125,6,894: I Couldn't Help but Notice,3543.170625,178.6868738036137,178.7295526030939,1
parakeet-tdt-110m-full-10x2,parakeet.cpp,nvidia/parakeet-tdt_ctc-110m,q8_0,tdt,pcm,10,2,36783.7780625,191.5663812160492,192.01583194817016,1768.3262030235492,20.801466380810137,0.18209052667953074,14110.3125,7,893: Testosterone,3618.40325,174.6167104083579,174.66789977997541,6
parakeet-tdt-110m-full-10x2,parakeet.cpp,nvidia/parakeet-tdt_ctc-110m,q8_0,tdt,pcm,10,2,36783.7780625,191.5663812160492,192.01583194817016,1768.3262030235492,20.801466380810137,0.18209052667953074,14110.3125,8,892: Trapped on a Bus,3652.4146875,172.75788974831812,172.80872555682436,9
parakeet-tdt-110m-full-10x2,parakeet.cpp,nvidia/parakeet-tdt_ctc-110m,q8_0,tdt,pcm,10,2,36783.7780625,191.5663812160492,192.01583194817016,1768.3262030235492,20.801466380810137,0.18209052667953074,14110.3125,9,891: The Test Case,4218.5665625,191.5129690519534,191.5648043891415,5
parakeet-tdt-110m-full-10x2,parakeet.cpp,nvidia/parakeet-tdt_ctc-110m,q8_0,tdt,pcm,10,2,36783.7780625,191.5663812160492,192.01583194817016,1768.3262030235492,20.801466380810137,0.18209052667953074,14110.3125,10,890: Maximal Americanness,3250.28575,161.02118985820562,161.06283217202872,0
parakeet-ctc-110m-full-10x2,parakeet.cpp,nvidia/parakeet-tdt_ctc-110m,q8_0,ctc,pcm,10,2,36783.7780625,181.41117855207995,202.76467170373422,1683.3162897434086,21.85197059318367,0.1927521878387779,14081.98046875,1,646: The Secret of My Death,3918.9420625,178.7732275663875,178.82030112296343,1
parakeet-ctc-110m-full-10x2,parakeet.cpp,nvidia/parakeet-tdt_ctc-110m,q8_0,ctc,pcm,10,2,36783.7780625,181.41117855207995,202.76467170373422,1683.3162897434086,21.85197059318367,0.1927521878387779,14081.98046875,2,449: Middle School,3566.5501875,164.93235912872478,164.98435972002335,0
parakeet-ctc-110m-full-10x2,parakeet.cpp,nvidia/parakeet-tdt_ctc-110m,q8_0,ctc,pcm,10,2,36783.7780625,181.41117855207995,202.76467170373422,1683.3162897434086,21.85197059318367,0.1927521878387779,14081.98046875,3,896: I Know What You Need,3984.1959375,179.17824793444015,179.2319666389376,6
parakeet-ctc-110m-full-10x2,parakeet.cpp,nvidia/parakeet-tdt_ctc-110m,q8_0,ctc,pcm,10,2,36783.7780625,181.41117855207995,202.76467170373422,1683.3162897434086,21.85197059318367,0.1927521878387779,14081.98046875,4,206: Somewhere in the Arabian Sea,3566.8636875,164.3704702137038,164.41649548406713,5
parakeet-ctc-110m-full-10x2,parakeet.cpp,nvidia/parakeet-tdt_ctc-110m,q8_0,ctc,pcm,10,2,36783.7780625,181.41117855207995,202.76467170373422,1683.3162897434086,21.85197059318367,0.1927521878387779,14081.98046875,5,895: Label Maker!,3464.3853125,165.25255523249507,165.29863962507807,2
parakeet-ctc-110m-full-10x2,parakeet.cpp,nvidia/parakeet-tdt_ctc-110m,q8_0,ctc,pcm,10,2,36783.7780625,181.41117855207995,202.76467170373422,1683.3162897434086,21.85197059318367,0.1927521878387779,14081.98046875,6,894: I Couldn't Help but Notice,3543.170625,166.00070337043144,166.0414685648866,3
parakeet-ctc-110m-full-10x2,parakeet.cpp,nvidia/parakeet-tdt_ctc-110m,q8_0,ctc,pcm,10,2,36783.7780625,181.41117855207995,202.76467170373422,1683.3162897434086,21.85197059318367,0.1927521878387779,14081.98046875,7,893: Testosterone,3618.40325,160.7011979375966,160.7525120729115,9
parakeet-ctc-110m-full-10x2,parakeet.cpp,nvidia/parakeet-tdt_ctc-110m,q8_0,ctc,pcm,10,2,36783.7780625,181.41117855207995,202.76467170373422,1683.3162897434086,21.85197059318367,0.1927521878387779,14081.98046875,8,892: Trapped on a Bus,3652.4146875,167.59523339918815,167.63823485700414,4
parakeet-ctc-110m-full-10x2,parakeet.cpp,nvidia/parakeet-tdt_ctc-110m,q8_0,ctc,pcm,10,2,36783.7780625,181.41117855207995,202.76467170373422,1683.3162897434086,21.85197059318367,0.1927521878387779,14081.98046875,9,891: The Test Case,4218.5665625,181.35527122602798,181.409644725034,8
parakeet-ctc-110m-full-10x2,parakeet.cpp,nvidia/parakeet-tdt_ctc-110m,q8_0,ctc,pcm,10,2,36783.7780625,181.41117855207995,202.76467170373422,1683.3162897434086,21.85197059318367,0.1927521878387779,14081.98046875,10,890: Maximal Americanness,3250.28575,155.1570237344131,155.2041809000075,7
