title,published,decoded_audio_seconds,decode_seconds,transcribe_seconds,end_to_end_seconds,rtf,speed_x,segment_count,peak_process_rss_mib
646: The Secret of My Death,"Sun, 13 Sep 2026 20:00:00 -0400",3918.9420625,3.3184287438634783,146.75252405996434,150.07244605896994,0.037446974647628986,26.70442697734239,122,2914.21875
449: Middle School,"Sun, 06 Sep 2026 20:00:00 -0400",3566.5501875,2.934164156205952,143.33230217499658,146.26828968408518,0.04018793922411237,24.883087296997047,121,3006.0234375
896: I Know What You Need,"Sun, 30 Aug 2026 20:00:00 -0400",3984.1959375,3.5851086489856243,153.47808644198813,157.06501507386565,0.03852172153418048,25.959379803747765,133,3023.203125
206: Somewhere in the Arabian Sea,"Sun, 23 Aug 2026 20:00:00 -0400",3566.8636875,2.982331595150754,143.8954716778826,146.87953997403383,0.04034229628178988,24.787880020884938,115,3023.203125
895: Label Maker!,"Sun, 16 Aug 2026 20:00:00 -0400",3464.3853125,2.8766311060171574,121.98129543219693,124.85942934406921,0.03521008329878056,28.400955246664616,107,3023.203125
894: I Couldn't Help but Notice,"Sun, 02 Aug 2026 20:00:00 -0400",3543.170625,2.907103521982208,136.0188562758267,138.9273275199812,0.03838902233951171,26.049113498020887,119,3023.203125
893: Testosterone,"Sun, 26 Jul 2026 20:00:00 -0400",3618.40325,2.948184076929465,133.0564866401255,136.0063183780294,0.0367721554086393,27.194489659016796,117,3023.203125
892: Trapped on a Bus,"Sun, 19 Jul 2026 20:00:00 -0400",3652.4146875,2.9900782180484384,139.01506086206064,142.00668178591877,0.03806113838546999,26.273517882527507,120,3023.203125
891: The Test Case,"Sun, 12 Jul 2026 20:00:00 -0400",4218.5665625,3.5978077319450676,159.28382224519737,162.88350417092443,0.03775780703832319,26.48458897480529,139,3023.203125
890: Maximal Americanness,"Sun, 05 Jul 2026 20:00:00 -0400",3250.28575,2.6822847169823945,114.17202296410687,116.85561640188098,0.03512676476648457,28.468320571159687,102,3023.203125
