position,run_id,word_timestamps,suite_wall_seconds,corpus_wall_speed_x,sum_episode_cpu_seconds,suite_peak_pss_mib,startup_peak_pss_mib,suite_peak_rss_mib,startup_peak_rss_mib,load_start,load_end,episode_index,episode_title,episode_audio_seconds,worker_id,transcribe_seconds,cpu_seconds,rtf,segment_count,word_count,text_sha256,last_segment_end,peak_process_rss_mib
1,wt-crossover-1-off-20260922,False,141.45599913806655,260.0368898218138,2402.688193348,11136.7763671875,5125.2060546875,11769.1171875,5565.109375,"[1.07470703125, 1.14111328125, 1.27294921875]","[15.306640625, 7.7060546875, 3.7509765625]",1,646: The Secret of My Death,3918.9420625,8,135.42029321193695,254.433035003,0.03455531902544858,122,0,3904459f0f0bcefee0f67c5c0017a86cfa22f73270fd8db46d23b5cfeb024a82,3909.14,1319.3828125
1,wt-crossover-1-off-20260922,False,141.45599913806655,260.0368898218138,2402.688193348,11136.7763671875,5125.2060546875,11769.1171875,5565.109375,"[1.07470703125, 1.14111328125, 1.27294921875]","[15.306640625, 7.7060546875, 3.7509765625]",2,449: Middle School,3566.5501875,6,133.9490659039002,251.553327066,0.03755703939716401,121,0,e7802f751ebfbda2ad91b481988c53ffbcbd6b8f9a5f72f1aa2a3d1c2786041e,3559.12,1229.03515625
1,wt-crossover-1-off-20260922,False,141.45599913806655,260.0368898218138,2402.688193348,11136.7763671875,5125.2060546875,11769.1171875,5565.109375,"[1.07470703125, 1.14111328125, 1.27294921875]","[15.306640625, 7.7060546875, 3.7509765625]",3,896: I Know What You Need,3984.1959375,4,138.14968812512234,259.617315996,0.03467442121127416,133,0,9eea2d5106344796bbd23f3b6e8833f897b15017a02d946faca04a9260590bab,3961.1,1366.859375
1,wt-crossover-1-off-20260922,False,141.45599913806655,260.0368898218138,2402.688193348,11136.7763671875,5125.2060546875,11769.1171875,5565.109375,"[1.07470703125, 1.14111328125, 1.27294921875]","[15.306640625, 7.7060546875, 3.7509765625]",4,206: Somewhere in the Arabian Sea,3566.8636875,5,133.4909856209997,251.52998500300004,0.037425311791088656,115,0,7f61569353717c8c878f0ec6f02817e02ada78497e99aabb3d0477ebf105b9cc,3556.37,1387.58984375
1,wt-crossover-1-off-20260922,False,141.45599913806655,260.0368898218138,2402.688193348,11136.7763671875,5125.2060546875,11769.1171875,5565.109375,"[1.07470703125, 1.14111328125, 1.27294921875]","[15.306640625, 7.7060546875, 3.7509765625]",5,895: Label Maker!,3464.3853125,0,116.1968846200034,217.80141587699998,0.03354040446966114,107,0,becb2bce63d596841d6f340e174c258a4f2e38c118e816076dea586df02d50f0,3454.61,1237.5
1,wt-crossover-1-off-20260922,False,141.45599913806655,260.0368898218138,2402.688193348,11136.7763671875,5125.2060546875,11769.1171875,5565.109375,"[1.07470703125, 1.14111328125, 1.27294921875]","[15.306640625, 7.7060546875, 3.7509765625]",6,894: I Couldn't Help but Notice,3543.170625,2,128.60510008991696,239.709103615,0.03629661500987324,119,0,c88e982bb38a9b1e3e05fd4a7c6f51a1330ee6b65b2c1137838f8312f417822c,3504.14,1480.43359375
1,wt-crossover-1-off-20260922,False,141.45599913806655,260.0368898218138,2402.688193348,11136.7763671875,5125.2060546875,11769.1171875,5565.109375,"[1.07470703125, 1.14111328125, 1.27294921875]","[15.306640625, 7.7060546875, 3.7509765625]",7,893: Testosterone,3618.40325,1,123.67322523798794,231.451025437,0.034178950408025405,117,0,924aba7d408d2fb179568029a5ecb36323773060275144eb08969a8c57e8e7e7,3608.5,1286.8125
1,wt-crossover-1-off-20260922,False,141.45599913806655,260.0368898218138,2402.688193348,11136.7763671875,5125.2060546875,11769.1171875,5565.109375,"[1.07470703125, 1.14111328125, 1.27294921875]","[15.306640625, 7.7060546875, 3.7509765625]",8,892: Trapped on a Bus,3652.4146875,9,129.4675150020048,242.222797411,0.035447101733845715,120,0,51a0812fab6b2fa87815ef64874237aee1c46faf00a5a3cec0a99d6787c9693a,3627.31,1302.95703125
1,wt-crossover-1-off-20260922,False,141.45599913806655,260.0368898218138,2402.688193348,11136.7763671875,5125.2060546875,11769.1171875,5565.109375,"[1.07470703125, 1.14111328125, 1.27294921875]","[15.306640625, 7.7060546875, 3.7509765625]",9,891: The Test Case,4218.5665625,3,140.80711399996653,263.473446909,0.03337795241910836,139,0,06a6565b74c92296f6c5d60fc6e37fe4e3d612a3c79868899932d5433c6c5783,4209.14,1544.41796875
1,wt-crossover-1-off-20260922,False,141.45599913806655,260.0368898218138,2402.688193348,11136.7763671875,5125.2060546875,11769.1171875,5565.109375,"[1.07470703125, 1.14111328125, 1.27294921875]","[15.306640625, 7.7060546875, 3.7509765625]",10,890: Maximal Americanness,3250.28575,7,101.874920116039,190.896741031,0.03134337346063773,102,0,d728524f43acacb5d015335f741d5fb3e8975c42c9576746c63eb5942263f0b1,3226.51,1125.47265625
2,wt-crossover-2-on-20260922,True,159.72227269993164,230.29836378302264,2702.43929361,10208.16015625,4530.4951171875,10844.63671875,4948.84375,"[15.306640625, 7.7060546875, 3.7509765625]","[17.951171875, 12.759765625, 6.33837890625]",1,646: The Secret of My Death,3918.9420625,5,152.46852854383178,284.55510160800003,0.0389055326953642,122,10428,3904459f0f0bcefee0f67c5c0017a86cfa22f73270fd8db46d23b5cfeb024a82,3908.61,1678.26171875
2,wt-crossover-2-on-20260922,True,159.72227269993164,230.29836378302264,2702.43929361,10208.16015625,4530.4951171875,10844.63671875,4948.84375,"[15.306640625, 7.7060546875, 3.7509765625]","[17.951171875, 12.759765625, 6.33837890625]",2,449: Middle School,3566.5501875,0,148.05478573590517,277.796504954,0.04151204327778864,121,10293,e7802f751ebfbda2ad91b481988c53ffbcbd6b8f9a5f72f1aa2a3d1c2786041e,3557.95,1294.8125
2,wt-crossover-2-on-20260922,True,159.72227269993164,230.29836378302264,2702.43929361,10208.16015625,4530.4951171875,10844.63671875,4948.84375,"[15.306640625, 7.7060546875, 3.7509765625]","[17.951171875, 12.759765625, 6.33837890625]",3,896: I Know What You Need,3984.1959375,3,154.5567056441214,288.45928577999996,0.0387924459711945,133,10521,9eea2d5106344796bbd23f3b6e8833f897b15017a02d946faca04a9260590bab,3960.89,1300.8671875
2,wt-crossover-2-on-20260922,True,159.72227269993164,230.29836378302264,2702.43929361,10208.16015625,4530.4951171875,10844.63671875,4948.84375,"[15.306640625, 7.7060546875, 3.7509765625]","[17.951171875, 12.759765625, 6.33837890625]",4,206: Somewhere in the Arabian Sea,3566.8636875,2,152.13161573302932,284.783554633,0.04265136799765335,115,10615,7f61569353717c8c878f0ec6f02817e02ada78497e99aabb3d0477ebf105b9cc,3555.91,1569.33203125
2,wt-crossover-2-on-20260922,True,159.72227269993164,230.29836378302264,2702.43929361,10208.16015625,4530.4951171875,10844.63671875,4948.84375,"[15.306640625, 7.7060546875, 3.7509765625]","[17.951171875, 12.759765625, 6.33837890625]",5,895: Label Maker!,3464.3853125,8,131.09659586590715,243.550491175,0.03784122839711039,107,8120,becb2bce63d596841d6f340e174c258a4f2e38c118e816076dea586df02d50f0,3454.18,1310.1171875
2,wt-crossover-2-on-20260922,True,159.72227269993164,230.29836378302264,2702.43929361,10208.16015625,4530.4951171875,10844.63671875,4948.84375,"[15.306640625, 7.7060546875, 3.7509765625]","[17.951171875, 12.759765625, 6.33837890625]",6,894: I Couldn't Help but Notice,3543.170625,9,140.00703741703182,261.457717846,0.03951461903335006,119,9046,c88e982bb38a9b1e3e05fd4a7c6f51a1330ee6b65b2c1137838f8312f417822c,3501.17,1191.796875
2,wt-crossover-2-on-20260922,True,159.72227269993164,230.29836378302264,2702.43929361,10208.16015625,4530.4951171875,10844.63671875,4948.84375,"[15.306640625, 7.7060546875, 3.7509765625]","[17.951171875, 12.759765625, 6.33837890625]",7,893: Testosterone,3618.40325,7,142.35157548217103,265.726508907,0.03934099260002904,117,9437,924aba7d408d2fb179568029a5ecb36323773060275144eb08969a8c57e8e7e7,3608.13,1255.2890625
2,wt-crossover-2-on-20260922,True,159.72227269993164,230.29836378302264,2702.43929361,10208.16015625,4530.4951171875,10844.63671875,4948.84375,"[15.306640625, 7.7060546875, 3.7509765625]","[17.951171875, 12.759765625, 6.33837890625]",8,892: Trapped on a Bus,3652.4146875,4,145.5503647858277,269.78822829999996,0.03985044887809654,120,9709,51a0812fab6b2fa87815ef64874237aee1c46faf00a5a3cec0a99d6787c9693a,3626.48,1371.8203125
2,wt-crossover-2-on-20260922,True,159.72227269993164,230.29836378302264,2702.43929361,10208.16015625,4530.4951171875,10844.63671875,4948.84375,"[15.306640625, 7.7060546875, 3.7509765625]","[17.951171875, 12.759765625, 6.33837890625]",9,891: The Test Case,4218.5665625,1,158.99222603603266,297.521628775,0.03768868493135994,139,10819,06a6565b74c92296f6c5d60fc6e37fe4e3d612a3c79868899932d5433c6c5783,4208.45,1275.98046875
2,wt-crossover-2-on-20260922,True,159.72227269993164,230.29836378302264,2702.43929361,10208.16015625,4530.4951171875,10844.63671875,4948.84375,"[15.306640625, 7.7060546875, 3.7509765625]","[17.951171875, 12.759765625, 6.33837890625]",10,890: Maximal Americanness,3250.28575,6,122.68986457609572,228.80027163199998,0.037747408693557395,102,7804,d728524f43acacb5d015335f741d5fb3e8975c42c9576746c63eb5942263f0b1,3226.04,1318.52734375
3,wt-crossover-3-on-20260922,True,159.0779566881247,231.23114495753353,2691.521791252,10846.3056640625,4222.7548828125,11487.703125,4850.3359375,"[17.951171875, 12.759765625, 6.33837890625]","[15.96533203125, 14.94970703125, 8.27001953125]",1,646: The Secret of My Death,3918.9420625,4,152.2835546459537,283.765622539,0.03885833273809817,122,10428,3904459f0f0bcefee0f67c5c0017a86cfa22f73270fd8db46d23b5cfeb024a82,3908.61,1671.75390625
3,wt-crossover-3-on-20260922,True,159.0779566881247,231.23114495753353,2691.521791252,10846.3056640625,4222.7548828125,11487.703125,4850.3359375,"[17.951171875, 12.759765625, 6.33837890625]","[15.96533203125, 14.94970703125, 8.27001953125]",2,449: Middle School,3566.5501875,8,151.11352248303592,281.868166917,0.042369661027806836,121,10293,e7802f751ebfbda2ad91b481988c53ffbcbd6b8f9a5f72f1aa2a3d1c2786041e,3557.95,1374.10546875
3,wt-crossover-3-on-20260922,True,159.0779566881247,231.23114495753353,2691.521791252,10846.3056640625,4222.7548828125,11487.703125,4850.3359375,"[17.951171875, 12.759765625, 6.33837890625]","[15.96533203125, 14.94970703125, 8.27001953125]",3,896: I Know What You Need,3984.1959375,3,155.8989415280521,291.642414977,0.03912933599994468,133,10521,9eea2d5106344796bbd23f3b6e8833f897b15017a02d946faca04a9260590bab,3960.89,1583.75390625
3,wt-crossover-3-on-20260922,True,159.0779566881247,231.23114495753353,2691.521791252,10846.3056640625,4222.7548828125,11487.703125,4850.3359375,"[17.951171875, 12.759765625, 6.33837890625]","[15.96533203125, 14.94970703125, 8.27001953125]",4,206: Somewhere in the Arabian Sea,3566.8636875,2,150.0592500618659,280.699689705,0.04207036298800692,115,10615,7f61569353717c8c878f0ec6f02817e02ada78497e99aabb3d0477ebf105b9cc,3555.91,1458.97265625
3,wt-crossover-3-on-20260922,True,159.0779566881247,231.23114495753353,2691.521791252,10846.3056640625,4222.7548828125,11487.703125,4850.3359375,"[17.951171875, 12.759765625, 6.33837890625]","[15.96533203125, 14.94970703125, 8.27001953125]",5,895: Label Maker!,3464.3853125,9,129.6300128819421,242.387056017,0.0374178970261242,107,8120,becb2bce63d596841d6f340e174c258a4f2e38c118e816076dea586df02d50f0,3454.18,1304.23046875
3,wt-crossover-3-on-20260922,True,159.0779566881247,231.23114495753353,2691.521791252,10846.3056640625,4222.7548828125,11487.703125,4850.3359375,"[17.951171875, 12.759765625, 6.33837890625]","[15.96533203125, 14.94970703125, 8.27001953125]",6,894: I Couldn't Help but Notice,3543.170625,5,139.63271850603633,260.462062506,0.03940897384980897,119,9046,c88e982bb38a9b1e3e05fd4a7c6f51a1330ee6b65b2c1137838f8312f417822c,3501.17,1294.421875
3,wt-crossover-3-on-20260922,True,159.0779566881247,231.23114495753353,2691.521791252,10846.3056640625,4222.7548828125,11487.703125,4850.3359375,"[17.951171875, 12.759765625, 6.33837890625]","[15.96533203125, 14.94970703125, 8.27001953125]",7,893: Testosterone,3618.40325,1,144.19575112499297,267.81706041,0.03985065819432728,117,9437,924aba7d408d2fb179568029a5ecb36323773060275144eb08969a8c57e8e7e7,3608.13,1353.09375
3,wt-crossover-3-on-20260922,True,159.0779566881247,231.23114495753353,2691.521791252,10846.3056640625,4222.7548828125,11487.703125,4850.3359375,"[17.951171875, 12.759765625, 6.33837890625]","[15.96533203125, 14.94970703125, 8.27001953125]",8,892: Trapped on a Bus,3652.4146875,7,141.15820025699213,263.14795170400004,0.038647911678838395,120,9709,51a0812fab6b2fa87815ef64874237aee1c46faf00a5a3cec0a99d6787c9693a,3626.48,1308.70703125
3,wt-crossover-3-on-20260922,True,159.0779566881247,231.23114495753353,2691.521791252,10846.3056640625,4222.7548828125,11487.703125,4850.3359375,"[17.951171875, 12.759765625, 6.33837890625]","[15.96533203125, 14.94970703125, 8.27001953125]",9,891: The Test Case,4218.5665625,0,158.36514609795995,293.983333786,0.03754003729743448,139,10819,06a6565b74c92296f6c5d60fc6e37fe4e3d612a3c79868899932d5433c6c5783,4208.45,1352.375
3,wt-crossover-3-on-20260922,True,159.0779566881247,231.23114495753353,2691.521791252,10846.3056640625,4222.7548828125,11487.703125,4850.3359375,"[17.951171875, 12.759765625, 6.33837890625]","[15.96533203125, 14.94970703125, 8.27001953125]",10,890: Maximal Americanness,3250.28575,6,121.26381057687104,225.748432691,0.03730866142365207,102,7804,d728524f43acacb5d015335f741d5fb3e8975c42c9576746c63eb5942263f0b1,3226.04,1318.0390625
4,wt-crossover-4-off-20260922,False,142.23116244608536,258.6196824232762,2436.2907640619997,10267.7734375,4658.001953125,10906.83203125,5115.9921875,"[15.96533203125, 14.94970703125, 8.27001953125]","[16.748046875, 16.30615234375, 9.77978515625]",1,646: The Secret of My Death,3918.9420625,1,135.18540079006925,254.014037411,0.03449538131314726,122,0,3904459f0f0bcefee0f67c5c0017a86cfa22f73270fd8db46d23b5cfeb024a82,3909.14,1308.15234375
4,wt-crossover-4-off-20260922,False,142.23116244608536,258.6196824232762,2436.2907640619997,10267.7734375,4658.001953125,10906.83203125,5115.9921875,"[15.96533203125, 14.94970703125, 8.27001953125]","[16.748046875, 16.30615234375, 9.77978515625]",2,449: Middle School,3566.5501875,2,134.39348913892172,251.88755510399997,0.037681648111932455,121,0,e7802f751ebfbda2ad91b481988c53ffbcbd6b8f9a5f72f1aa2a3d1c2786041e,3559.12,1292.953125
4,wt-crossover-4-off-20260922,False,142.23116244608536,258.6196824232762,2436.2907640619997,10267.7734375,4658.001953125,10906.83203125,5115.9921875,"[15.96533203125, 14.94970703125, 8.27001953125]","[16.748046875, 16.30615234375, 9.77978515625]",3,896: I Know What You Need,3984.1959375,3,138.61388275795616,260.09801035199996,0.03479093019831085,133,0,9eea2d5106344796bbd23f3b6e8833f897b15017a02d946faca04a9260590bab,3961.1,1416.421875
4,wt-crossover-4-off-20260922,False,142.23116244608536,258.6196824232762,2436.2907640619997,10267.7734375,4658.001953125,10906.83203125,5115.9921875,"[15.96533203125, 14.94970703125, 8.27001953125]","[16.748046875, 16.30615234375, 9.77978515625]",4,206: Somewhere in the Arabian Sea,3566.8636875,7,135.66421832307242,254.75868717199998,0.03803459571457829,115,0,7f61569353717c8c878f0ec6f02817e02ada78497e99aabb3d0477ebf105b9cc,3556.37,1315.70703125
4,wt-crossover-4-off-20260922,False,142.23116244608536,258.6196824232762,2436.2907640619997,10267.7734375,4658.001953125,10906.83203125,5115.9921875,"[15.96533203125, 14.94970703125, 8.27001953125]","[16.748046875, 16.30615234375, 9.77978515625]",5,895: Label Maker!,3464.3853125,4,123.53233538195491,228.865820897,0.035657793299213134,107,0,becb2bce63d596841d6f340e174c258a4f2e38c118e816076dea586df02d50f0,3454.61,1320.01171875
4,wt-crossover-4-off-20260922,False,142.23116244608536,258.6196824232762,2436.2907640619997,10267.7734375,4658.001953125,10906.83203125,5115.9921875,"[15.96533203125, 14.94970703125, 8.27001953125]","[16.748046875, 16.30615234375, 9.77978515625]",6,894: I Couldn't Help but Notice,3543.170625,0,124.09647372714244,231.861058159,0.0350241314520783,119,0,c88e982bb38a9b1e3e05fd4a7c6f51a1330ee6b65b2c1137838f8312f417822c,3504.14,1166.71484375
4,wt-crossover-4-off-20260922,False,142.23116244608536,258.6196824232762,2436.2907640619997,10267.7734375,4658.001953125,10906.83203125,5115.9921875,"[15.96533203125, 14.94970703125, 8.27001953125]","[16.748046875, 16.30615234375, 9.77978515625]",7,893: Testosterone,3618.40325,6,128.17509716702625,240.194621544,0.035423110226044115,117,0,924aba7d408d2fb179568029a5ecb36323773060275144eb08969a8c57e8e7e7,3608.5,1231.18359375
4,wt-crossover-4-off-20260922,False,142.23116244608536,258.6196824232762,2436.2907640619997,10267.7734375,4658.001953125,10906.83203125,5115.9921875,"[15.96533203125, 14.94970703125, 8.27001953125]","[16.748046875, 16.30615234375, 9.77978515625]",8,892: Trapped on a Bus,3652.4146875,5,130.0894955599215,243.30156166199998,0.03561739470743531,120,0,51a0812fab6b2fa87815ef64874237aee1c46faf00a5a3cec0a99d6787c9693a,3627.31,1301.6484375
4,wt-crossover-4-off-20260922,False,142.23116244608536,258.6196824232762,2436.2907640619997,10267.7734375,4658.001953125,10906.83203125,5115.9921875,"[15.96533203125, 14.94970703125, 8.27001953125]","[16.748046875, 16.30615234375, 9.77978515625]",9,891: The Test Case,4218.5665625,9,141.51957585592754,264.628522279,0.03354683960991253,139,0,06a6565b74c92296f6c5d60fc6e37fe4e3d612a3c79868899932d5433c6c5783,4209.14,1344.6640625
4,wt-crossover-4-off-20260922,False,142.23116244608536,258.6196824232762,2436.2907640619997,10267.7734375,4658.001953125,10906.83203125,5115.9921875,"[15.96533203125, 14.94970703125, 8.27001953125]","[16.748046875, 16.30615234375, 9.77978515625]",10,890: Maximal Americanness,3250.28575,8,110.71029139612801,206.680889482,0.03406171023459338,102,0,d728524f43acacb5d015335f741d5fb3e8975c42c9576746c63eb5942263f0b1,3226.51,1261.7890625
